Profile Name,Title Name,Country,Utc Title Add Date
Daniel,Wolf King,Canada,2025-03-23
Daniel,Puss in Boots: The Last Wish,Canada,2025-03-02
Daniel,Nimona,Canada,2025-02-27
Daniel,Hilda,Canada,2025-02-02
Daniel,The Tom and Jerry Show,Canada,2025-01-22
Daniel,Fullmetal Alchemist: Brotherhood,Canada,2025-01-03
Daniel,BLUE EYE SAMURAI,Canada,2025-01-02
Daniel,The Willoughbys,Canada,2024-11-18
Daniel,Klaus,Canada,2024-11-11
Daniel,"I Love You, Man",Canada,2024-10-22
Daniel,Worst Ex Ever,Canada,2024-08-29
Daniel,Onmyoji,Canada,2024-08-17
Daniel,The Emoji Movie,Canada,2024-08-11
Daniel,Children Ruin Everything,Canada,2024-08-05
Daniel,A Good Girl's Guide to Murder,Canada,2024-08-02
Daniel,A Series of Unfortunate Events,Canada,2024-07-24
Daniel,The Dragon Prince,Canada,2024-07-24
Daniel,GOOD NIGHT WORLD,Canada,2024-07-17
Daniel,Superstore,Canada,2024-07-14
Daniel,Princess Power,Canada,2024-05-22
Daniel,Players,Canada,2024-02-14
Daniel,Monsters 103 Mercies Dragon Damnation,Canada,2024-01-21
Daniel,Queer Eye,Canada,2023-12-28
Daniel,DC League of Super-Pets,Canada,2023-12-26
Daniel,Pitch Perfect 3,Canada,2023-12-23
Daniel,When Marnie Was There,Canada,2023-12-21
Daniel,Doona!,Canada,2023-10-22
Daniel,Paradise PD,Canada,2023-09-09
Daniel,Charlie and the Chocolate Factory,Canada,2023-09-02
Daniel,Rush Hour 3,Canada,2023-08-14
Daniel,Seinfeld,Canada,2023-08-14
Daniel,Shadowhunters: The Mortal Instruments,Canada,2023-08-10
Daniel,Blue Period,Canada,2023-08-02
Daniel,Spirited Away,Canada,2023-06-03
Daniel,The Magic School Bus,Canada,2023-05-19
Daniel,The Garfield Show,Canada,2023-05-19
Daniel,Breaking Bad,Canada,2023-05-12
Daniel,The Walking Dead,Canada,2023-05-12
Daniel,The Office (U.S.),Canada,2023-05-12
Ana,Suits,Canada,2023-08-06
Ana,The Witcher,Canada,2023-08-06
