Esn,Country,Region Code,Device Description,Ip,Ts
NFANDROID1-PRV-P-SAMSUSM-G960U-7176-FF5801FEAF26E55CDAE3550CF70A9FF93E9B495A10A2ABB8C6CA3538DAE9A857,CA,ON,DefaultWidevineAndroidPhone,72.2.24.194,2024-12-05 20:17:39
NFANDROID1-PRV-P-SAMSUSM-S921W-31504-F78067D4B4B93D1BFC3778E27F8DC696012F4EFB77F84A23E57E052FC5B2B3E4,CA,ON,DefaultWidevineAndroidPhone,2605:8d80:13ba:188d:c8b:dfca:55a7:3e6b,2024-12-25 18:16:21
NFANDROID1-PRV-P-L3-HXY==MP05-8158-00880172EAE35B62CDE3EA9AC6AD22F2FEFF3E9D6B1727CD8815E4CECBDB6935E,CA,ON,Android DefaultWidevineL3Phone Android Phone,209.141.173.80,2024-06-30 23:52:37
NFCDIE-03-LQPQVXWQ2MAA5NC75VVFKXJ47WF8X1,CA,ON,Edge OSS - Windows (Cadmium),2607:fea8:11dc:f9e0:180f:1b95:84e8:7899,2025-01-06 04:44:44
