"Profile Name","Email Address","Game Handle","Profile Creation Time","Maturity Level","Primary Lang","Has Auto Playback","Max Stream Quality","Profile Lock Enabled","Profile Transferred","Profile Transfer Time","Profile Transferred From Account","Profile Transferred To Account","Privacy And Data Settings","Date Of Birth","Gender"
"Test","","","2023-06-04 02:25:56","ADULTS","en-CA","1","Unknown","false","false","","","","{}","",""
"Ana","","","2023-05-18 01:46:06","ADULTS","en-CA","1","Unknown","false","false","","","","{}","",""
"Kids","","","2023-05-12 05:11:21","OLDER_KIDS","en-CA","1","Unknown","false","false","","","","{}","",""
"Daniel","danieldema42@gmail.com","","2023-05-12 05:09:11","ADULTS","en-CA","0","Unknown","false","false","","","","{}","19730101","PREFER_NOT_TO_SAY"
